,ID,D,E_Brent,VPN_Basica_porta,VPN_incremental_porta,VPN_Basica,VPN_incremental,VPN_Total,EFI_INCREMENTAL,capex,opex_basica,opex_incremental,volumen_B_LE,volumen_I_LE,volumen_T_LE,volumen_B_LE_p,volumen_I_LE_p,volumen_T_LE_p,LE_year_p,LE_year_b,lc_p,lc_b,dc_p,dc_b,opex_ing_p,capex_ing_p,impuesto_ing_p,ingreso_ing_p,abandono_ing_p,opex_ing_b,capex_ing_b,impuesto_ing_b,ingreso_ing_b,abandono_ing_b
0,0,1,50,0,38190.602,0,38190.602,38190.602,2.7168569127295257,64348.7026,0,9831.6782,0.0,3.200249279667814,3.200249279667814,0.0,3.200249279667814,3.200249279667814,2043.0,2043.0,1.611,1.611,8.8794,8.8794,2964.6719,18375.8755,11734.3607,71658.4398,392.9298,2964.6719,18375.8755,11734.3607,71658.4398,392.9298
1,1,1,60,0,39877.877,0,51018.6893,51018.6893,3.714092646151681,64348.7026,0,9831.6782,0.0,3.312538728077211,3.312538728077211,0.0,3.312538728077211,3.312538728077211,2043.0,2043.0,1.611,1.611,8.5784,8.5784,3068.6955,18375.8755,12457.3933,74172.771,392.9298,3068.6955,18375.8755,17231.4772,90087.6672,392.9298
2,2,1,70,0,39877.877,0,62159.5016,62159.5016,4.580162312669465,64348.7026,0,9831.6782,0.0,3.312538728077211,3.312538728077211,0.0,3.312538728077211,3.312538728077211,2043.0,2043.0,1.611,1.611,8.5784,8.5784,3068.6955,18375.8755,12457.3933,74172.771,392.9298,3068.6955,18375.8755,22005.561,106002.5634,392.9298
3,3,1,80,0,39877.877,0,73300.3139,73300.3139,5.446231979187249,64348.7026,0,9831.6782,0.0,3.312538728077211,3.312538728077211,0.0,3.312538728077211,3.312538728077211,2043.0,2043.0,1.611,1.611,8.5784,8.5784,3068.6955,18375.8755,12457.3933,74172.771,392.9298,3068.6955,18375.8755,26779.6449,121917.4596,392.9298
